[
  {
    "username": "o1001",
    "password": "password1",
    "userId": "1001"
  },
  {
    "username": "o1002",
    "password": "password2",
    "userId": "1002"
  },
  {
    "username": "o1003",
    "password": "password3",
    "userId": "1003"
  },
  {
    "username": "o1004",
    "password": "password4",
    "userId": "1004"
  },
  {
    "username": "o1005",
    "password": "password5",
    "userId": "1005"
  },
  {
    "username": "o1006",
    "password": "password6",
    "userId": "1006"
  },
  {
    "username": "o1007",
    "password": "password7",
    "userId": "1007"
  },
  {
    "username": "o1008",
    "password": "password8",
    "userId": "1008"
  },
  {
    "username": "o2001",
    "password": "password_a_1",
    "userId": "2001"
  },
  {
    "username": "o2002",
    "password": "password_a_2",
    "userId": "2002"
  },
  {
    "username": "o3001",
    "password": "password_cs_1",
    "userId": "3001"
  }
]